"Profile","Id","Path","Slice Name","Alias(s)","Label","Min","Max","Must Support?","Is Modifier?","Is Summary?","Type(s)","Short","Definition","Comments","Requirements","Default Value","Meaning When Missing","Fixed Value","Pattern","Example","Minimum Value","Maximum Value","Maximum Length","Binding Strength","Binding Description","Binding Value Set","Code","Slicing Discriminator","Slicing Description","Slicing Ordered","Slicing Rules","Base Path","Base Min","Base Max","Condition(s)","Constraint(s)"
"demo-at-allergy-intolerance","AllergyIntolerance","AllergyIntolerance","","Allergy
IntoleranceAdverse Reaction","",0,*,"","","","null {[]} {[]}
","Allergy or Intolerance (generally: Risk of adverse reaction to a substance)","Risk of harmful or undesirable, physiological response which is unique to an individual and associated with exposure to a substance.","Substances include, but are not limited to: a therapeutic substance administered correctly at an appropriate dosage for the individual; food; material derived from plants or animals; or venom from insect stings.","","","","","","","","",,,,,"",,,,"AllergyIntolerance",0,*,"","ait-1:AllergyIntolerance.clinicalStatus SHALL be present if verificationStatus is not entered-in-error. {verificationStatus.coding.where(system = 'http://terminology.hl7.org/CodeSystem/allergyintolerance-verification' and code = 'entered-in-error').exists() or clinicalStatus.exists()}
ait-2:AllergyIntolerance.clinicalStatus SHALL NOT be present if verification Status is entered-in-error {verificationStatus.coding.where(system = 'http://terminology.hl7.org/CodeSystem/allergyintolerance-verification' and code = 'entered-in-error').empty() or clinicalStatus.empty()}dom-2:If the resource is contained in another resource, it SHALL NOT contain nested Resources {contained.contained.empty()}dom-3:If the resource is contained in another resource, it SHALL be referred to from elsewhere in the resource or SHALL refer to the containing resource {contained.where((('#'+id in (%resource.descendants().reference | %resource.descendants().as(canonical) | %resource.descendants().as(uri) | %resource.descendants().as(url))) or descendants().where(reference = '#').exists() or descendants().where(as(canonical) = '#').exists() or descendants().where(as(canonical) = '#').exists()).not()).trace('unmatched', id).empty()}dom-4:If a resource is contained in another resource, it SHALL NOT have a meta.versionId or a meta.lastUpdated {contained.meta.versionId.empty() and contained.meta.lastUpdated.empty()}dom-5:If a resource is contained in another resource, it SHALL NOT have a security label {contained.meta.security.empty()}dom-6:A resource should have narrative for robust management {text.`div`.exists()}"
"demo-at-allergy-intolerance","AllergyIntolerance.id","AllergyIntolerance.id","","","",0,1,"","","Y","id {[]} {[]}
","Logical id of this artifact","The logical id of the resource, as used in the URL for the resource. Once assigned, this value never changes.","The only time that a resource does not have an id is when it is being submitted to the server using a create operation.","","","","","","","","",,,,,"",,,,"Resource.id",0,1,"",""
"demo-at-allergy-intolerance","AllergyIntolerance.meta","AllergyIntolerance.meta","","","",0,1,"","","Y","Meta {[]} {[]}
","Metadata about the resource","The metadata about the resource. This is content that is maintained by the infrastructure. Changes to the content might not always be associated with version changes to the resource.","","","","","","","","","",,,,,"",,,,"Resource.meta",0,1,"","ele-1:All FHIR elements must have a @value or children {hasValue() or (children().count() > id.count())}
"
"demo-at-allergy-intolerance","AllergyIntolerance.implicitRules","AllergyIntolerance.implicitRules","","","",0,1,"","Y","Y","uri {[]} {[]}
","A set of rules under which this content was created","A reference to a set of rules that were followed when the resource was constructed, and which must be understood when processing the content. Often, this is a reference to an implementation guide that defines the special rules along with other profiles etc.","Asserting this rule set restricts the content to be only understood by a limited set of trading partners. This inherently limits the usefulness of the data in the long term. However, the existing health eco-system is highly fractured, and not yet ready to define, collect, and exchange data in a generally computable sense. Wherever possible, implementers and/or specification writers should avoid using this element. Often, when used, the URL is a reference to an implementation guide that defines these special rules as part of it's narrative along with other profiles, value sets, etc.","","","","","","","","",,,,,"",,,,"Resource.implicitRules",0,1,"","ele-1:All FHIR elements must have a @value or children {hasValue() or (children().count() > id.count())}
"
"demo-at-allergy-intolerance","AllergyIntolerance.language","AllergyIntolerance.language","","","",0,1,"","","","code {[]} {[]}
","Language of the allergy or intolerance content","The base language in which the resource is written.","Language is provided to support indexing and accessibility (typically, services such as text to speech use the language tag). The html language tag in the narrative applies  to the narrative. The language tag on the resource may be used to specify the language of other presentations generated from the data in the resource. Not all the content has to be in the base language. The Resource.language should not be assumed to apply to the narrative automatically. If a language is specified, it should it also be specified on the div element in the html (see rules in HTML5 for information about the relationship between xml:lang and the html lang attribute).","","","","","","","","",,"preferred","A human language.","http://hl7.org/fhir/ValueSet/languages|4.0.1","",,,,"Resource.language",0,1,"","ele-1:All FHIR elements must have a @value or children {hasValue() or (children().count() > id.count())}
"
"demo-at-allergy-intolerance","AllergyIntolerance.text","AllergyIntolerance.text","","narrative
htmlxhtmldisplay","",0,1,"","","","Narrative {[]} {[]}
","Text summary of the resource, for human interpretation","A human-readable narrative that contains a summary of the resource and can be used to represent the content of the resource to a human. The narrative need not encode all the structured data, but is required to contain sufficient detail to make it ""clinically safe"" for a human to just read the narrative. Resource definitions may define what content should be represented in the narrative to ensure clinical safety.","Contained resources do not have narrative. Resources that are not contained SHOULD have a narrative. In some cases, a resource may only have text with little or no additional discrete data (as long as all minOccurs=1 elements are satisfied).  This may be necessary for data from legacy systems where information is captured as a ""text blob"" or where text is additionally entered raw or narrated and encoded information is added later.","","","","","","","","",,,,,"",,,,"DomainResource.text",0,1,"","ele-1:All FHIR elements must have a @value or children {hasValue() or (children().count() > id.count())}
"
"demo-at-allergy-intolerance","AllergyIntolerance.contained","AllergyIntolerance.contained","","inline resources
anonymous resourcescontained resources","",0,*,"","","","Resource {[]} {[]}
","Contained, inline Resources","These resources do not have an independent existence apart from the resource that contains them - they cannot be identified independently, and nor can they have their own independent transaction scope.","This should never be done when the content can be identified properly, as once identification is lost, it is extremely difficult (and context dependent) to restore it again. Contained resources may have profiles and tags In their meta elements, but SHALL NOT have security labels.","","","","","","","","",,,,,"",,,,"DomainResource.contained",0,*,"",""
"demo-at-allergy-intolerance","AllergyIntolerance.extension","AllergyIntolerance.extension","","","",0,*,"","","","Extension {[]} {[]}
","Extension","An Extension","","","","","","","","","",,,,,"","value:url}
","",,"open","DomainResource.extension",0,*,"","ele-1:All FHIR elements must have a @value or children {hasValue() or (children().count() > id.count())}
ext-1:Must have either extensions or value[x], not both {extension.exists() != value.exists()}"
"demo-at-allergy-intolerance","AllergyIntolerance.extension:abatement","AllergyIntolerance.extension","abatement","","",0,1,"","","","Extension {[CanonicalType[http://hl7.org/fhir/StructureDefinition/allergyintolerance-abatement]]} {[]}
","When the allergy or intolerance resolved","The date or estimated date that the allergy or intolerance resolved. This is called abatement because of the many overloaded connotations associated with resolution.","Age is generally used when the patient reports an age at which the allergy or intolerance abated. If there is no abatement element, the clinicalStatus can be used to convey whether allergy or intolerance has resolved or not. When abatementString exists, it conveys that the allergy or intolerance is abated.","","","","","","","","",,,,,"",,,,"DomainResource.extension",0,*,"","ele-1:All FHIR elements must have a @value or children {hasValue() or (children().count() > id.count())}
ext-1:Must have either extensions or value[x], not both {extension.exists() != value.exists()}"
"demo-at-allergy-intolerance","AllergyIntolerance.extension:abatement.id","AllergyIntolerance.extension.id","","","",0,1,"","","","id {[]} {[]}
","Unique id for inter-element referencing","Unique id for the element within a resource (for internal references). This may be any string value that does not contain spaces.","","","","","","","","","",,,,,"",,,,"Element.id",0,1,"ele-1
",""
"demo-at-allergy-intolerance","AllergyIntolerance.extension:abatement.extension","AllergyIntolerance.extension.extension","","","",0,0,"","","","Extension {[]} {[]}
","Extension","An Extension","","","","","","","","","",,,,,"","value:url}
","Extensions are always sliced by (at least) url",,"open","Element.extension",0,*,"","ele-1:All FHIR elements must have a @value or children {hasValue() or (children().count() > id.count())}
ext-1:Must have either extensions or value[x], not both {extension.exists() != value.exists()}"
"demo-at-allergy-intolerance","AllergyIntolerance.extension:abatement.url","AllergyIntolerance.extension.url","","","",1,1,"","","","uri {[]} {[]}
","identifies the meaning of the extension","Source of the definition for the extension code - a logical name or a URL.","The definition may point directly to a computable or human-readable definition of the extensibility codes, or it may be a logical URI as declared in some other specification. The definition SHALL be a URI for the Structure Definition defining the extension.","","","","<valueUri xmlns=""http://hl7.org/fhir"" value=""http://hl7.org/fhir/StructureDefinition/allergyintolerance-abatement""/>","","","","",,,,,"",,,,"Extension.url",1,1,"",""
"demo-at-allergy-intolerance","AllergyIntolerance.extension:abatement.value[x]","AllergyIntolerance.extension.value[x]","","","",1,1,"","","","dateTime {[]} {[]}
Age {[]} {[]}Period {[]} {[]}Range {[]} {[]}string {[]} {[]}","Value of extension","Value of extension - must be one of a constrained set of the data types (see [Extensibility](http://hl7.org/fhir/R5/extensibility.html) for a list).","","","","","","","","","",,,,,"","type:$this}
","",,"open","Extension.value[x]",0,1,"ext-1
","ele-1:All FHIR elements must have a @value or children {hasValue() or (children().count() > id.count())}
"
"demo-at-allergy-intolerance","AllergyIntolerance.extension:abatement.value[x]:valueDateTime","AllergyIntolerance.extension.value[x]","valueDateTime","","",0,1,"","","","dateTime {[]} {[]}
","End date","Value of extension - must be one of a constrained set of the data types (see [Extensibility](http://hl7.org/fhir/R5/extensibility.html) for a list).","","","","","","","","","",,,,,"",,,,"Extension.value[x]",0,1,"ext-1
","ele-1:All FHIR elements must have a @value or children {hasValue() or (children().count() > id.count())}
"
"demo-at-allergy-intolerance","AllergyIntolerance.modifierExtension","AllergyIntolerance.modifierExtension","","extensions
user content","",0,*,"","Y","","Extension {[]} {[]}
","Extensions that cannot be ignored","May be used to represent additional information that is not part of the basic definition of the resource and that modifies the understanding of the element that contains it and/or the understanding of the containing element's descendants. Usually modifier elements provide negation or qualification. To make the use of extensions safe and manageable, there is a strict set of governance applied to the definition and use of extensions. Though any implementer is allowed to define an extension, there is a set of requirements that SHALL be met as part of the definition of the extension. Applications processing a resource are required to check for modifier extensions.

Modifier extensions SHALL NOT change the meaning of any elements on Resource or DomainResource (including cannot change the meaning of modifierExtension itself).","There can be no stigma associated with the use of extensions by any application, project, or standard - regardless of the institution or jurisdiction that uses or defines the extensions.  The use of extensions is what allows the FHIR specification to retain a core level of simplicity for everyone.","Modifier extensions allow for extensions that *cannot* be safely ignored to be clearly distinguished from the vast majority of extensions which can be safely ignored.  This promotes interoperability by eliminating the need for implementers to prohibit the presence of extensions. For further information, see the [definition of modifier extensions](http://hl7.org/fhir/R4/extensibility.html#modifierExtension).","","","","","","","",,,,,"",,,,"DomainResource.modifierExtension",0,*,"","ele-1:All FHIR elements must have a @value or children {hasValue() or (children().count() > id.count())}
ext-1:Must have either extensions or value[x], not both {extension.exists() != value.exists()}"
"demo-at-allergy-intolerance","AllergyIntolerance.identifier","AllergyIntolerance.identifier","","","",0,*,"","","Y","Identifier {[]} {[]}
","Business identifier for the allergy or intolerance","Business identifiers assigned to this AllergyIntolerance by the performer or other systems which remain constant as the resource is updated and propagates from server to server.","This is a business identifier, not a resource identifier (see [discussion](http://hl7.org/fhir/R4/resource.html#identifiers)).  It is best practice for the identifier to only appear on a single resource instance, however business practices may occasionally dictate that multiple resource instances with the same identifier can exist - possibly even with different resource types.  For example, multiple Patient and a Person resource instance might share the same social insurance number.","Allows identification of the AllergyIntolerance as it is known by various participating systems and in a way that remains consistent across servers.","","","","","","","",,,,,"",,,,"AllergyIntolerance.identifier",0,*,"","ele-1:All FHIR elements must have a @value or children {hasValue() or (children().count() > id.count())}
"
"demo-at-allergy-intolerance","AllergyIntolerance.clinicalStatus","AllergyIntolerance.clinicalStatus","","","",0,1,"","Y","Y","CodeableConcept {[]} {[]}
","Current allergy or Intolerance status","The clinical status of the allergy or intolerance.","Refer to [discussion](http://hl7.org/fhir/R4/extensibility.html#Special-Case) if clincalStatus is missing data.
The data type is CodeableConcept because clinicalStatus has some clinical judgment involved, such that there might need to be more specificity than the required FHIR value set allows. For example, a SNOMED coding might allow for additional specificity.","","","","","","","","",,"required","The clinical status of the allergy or intolerance.","http://hl7.org/fhir/ValueSet/allergyintolerance-clinical|4.0.1","",,,,"AllergyIntolerance.clinicalStatus",0,1,"ait-1
ait-2","ele-1:All FHIR elements must have a @value or children {hasValue() or (children().count() > id.count())}
"
"demo-at-allergy-intolerance","AllergyIntolerance.verificationStatus","AllergyIntolerance.verificationStatus","","","",0,1,"","Y","Y","CodeableConcept {[]} {[]}
","Certainty","Assertion about certainty associated with the propensity, or potential risk, of a reaction to the identified substance (including pharmaceutical product).","The data type is CodeableConcept because verificationStatus has some clinical judgment involved, such that there might need to be more specificity than the required FHIR value set allows. For example, a SNOMED coding might allow for additional specificity.","","","","","","","","",,"required","Assertion about certainty associated with a propensity, or potential risk, of a reaction to the identified substance.","http://hl7.org/fhir/ValueSet/allergyintolerance-verification|4.0.1","",,,,"AllergyIntolerance.verificationStatus",0,1,"ait-1
ait-2","ele-1:All FHIR elements must have a @value or children {hasValue() or (children().count() > id.count())}
"
"demo-at-allergy-intolerance","AllergyIntolerance.type","AllergyIntolerance.type","","Category
Class","",0,1,"","","Y","code {[]} {[]}
","Type of propensity","Identification of the underlying physiological mechanism for the reaction risk.","Allergic (typically immune-mediated) reactions have been traditionally regarded as an indicator for potential escalation to significant future risk. Contemporary knowledge suggests that some reactions previously thought to be immune-mediated are, in fact, non-immune, but in some cases can still pose a life threatening risk. It is acknowledged that many clinicians might not be in a position to distinguish the mechanism of a particular reaction. Often the term ""allergy"" is used rather generically and may overlap with the use of ""intolerance"" - in practice the boundaries between these two concepts might not be well-defined or understood. This data element is included nevertheless, because many legacy systems have captured this attribute. Immunologic testing may provide supporting evidence for the basis of the reaction and the causative substance, but no tests are 100% sensitive or specific for sensitivity to a particular substance. If, as is commonly the case, it is unclear whether the reaction is due to an allergy or an intolerance, then the type element should be omitted from the resource.","","","","","","","","",,"required","Identification of the underlying physiological mechanism for a Reaction Risk.","http://hl7.org/fhir/ValueSet/allergy-intolerance-type|4.0.1","",,,,"AllergyIntolerance.type",0,1,"","ele-1:All FHIR elements must have a @value or children {hasValue() or (children().count() > id.count())}
"
"demo-at-allergy-intolerance","AllergyIntolerance.category","AllergyIntolerance.category","","Category
TypeReaction TypeClass","",0,*,"","","Y","code {[]} {[]}
","food | medication | environment | biologic","Category of the identified substance.","This data element has been included because it is currently being captured in some clinical systems. This data can be derived from the substance where coding systems are used, and is effectively redundant in that situation.  When searching on category, consider the implications of AllergyIntolerance resources without a category.  For example, when searching on category = medication, medication allergies that don't have a category valued will not be returned.  Refer to [search](http://hl7.org/fhir/R4/search.html) for more information on how to search category with a :missing modifier to get allergies that don't have a category.  Additionally, category should be used with caution because category can be subjective based on the sender.","","","","","","","","",,"required","Category of an identified substance associated with allergies or intolerances.","http://hl7.org/fhir/ValueSet/allergy-intolerance-category|4.0.1","",,,,"AllergyIntolerance.category",0,*,"","ele-1:All FHIR elements must have a @value or children {hasValue() or (children().count() > id.count())}
"
"demo-at-allergy-intolerance","AllergyIntolerance.criticality","AllergyIntolerance.criticality","","Severity
SeriousnessContra-indicationRisk","",0,1,"","","Y","code {[]} {[]}
","Criticality","Estimate of the potential clinical harm, or seriousness, of the reaction to the identified substance.","The default criticality value for any propensity to an adverse reaction should be 'Low Risk', indicating at the very least a relative contraindication to deliberate or voluntary exposure to the substance. 'High Risk' is flagged if the clinician has identified a propensity for a more serious or potentially life-threatening reaction, such as anaphylaxis, and implies an absolute contraindication to deliberate or voluntary exposure to the substance. If this element is missing, the criticality is unknown (though it may be known elsewhere).  Systems that capture a severity at the condition level are actually representing the concept of criticality whereas the severity documented at the reaction level is representing the true reaction severity.  Existing systems that are capturing both condition criticality and reaction severity may use the term ""severity"" to represent both.  Criticality is the worst it could be in the future (i.e. situation-agnostic) whereas severity is situation-dependent.","","","","","","","","",,"required","Estimate of the potential clinical harm, or seriousness, of a reaction to an identified substance.","http://hl7.org/fhir/ValueSet/allergy-intolerance-criticality|4.0.1","",,,,"AllergyIntolerance.criticality",0,1,"","ele-1:All FHIR elements must have a @value or children {hasValue() or (children().count() > id.count())}
"
"demo-at-allergy-intolerance","AllergyIntolerance.code","AllergyIntolerance.code","","Code
","",1,1,"","","Y","CodeableConcept {[]} {[]}
","Code that identifies the allergy or intolerance","Code for an allergy or intolerance statement (either a positive or a negated/excluded statement).  This may be a code for a substance or pharmaceutical product that is considered to be responsible for the adverse reaction risk (e.g., ""Latex""), an allergy or intolerance condition (e.g., ""Latex allergy""), or a negated/excluded code for a specific substance or class (e.g., ""No latex allergy"") or a general or categorical negated statement (e.g.,  ""No known allergy"", ""No known drug allergies"").  Note: the substance for a specific reaction may be different from the substance identified as the cause of the risk, but it must be consistent with it. For instance, it may be a more specific substance (e.g. a brand medication) or a composite product that includes the identified substance. It must be clinically safe to only process the 'code' and ignore the 'reaction.substance'.  If a receiving system is unable to confirm that AllergyIntolerance.reaction.substance falls within the semantic scope of AllergyIntolerance.code, then the receiving system should ignore AllergyIntolerance.reaction.substance.","It is strongly recommended that this element be populated using a terminology, where possible. For example, some terminologies used include RxNorm, SNOMED CT, DM+D, NDFRT, ICD-9, IDC-10, UNII, and ATC. Plain text should only be used if there is no appropriate terminology available. Additional details can be specified in the text.When a substance or product code is specified for the 'code' element, the ""default"" semantic context is that this is a positive statement of an allergy or intolerance (depending on the value of the 'type' element, if present) condition to the specified substance/product.  In the corresponding SNOMED CT allergy model, the specified substance/product is the target (destination) of the ""Causative agent"" relationship.The 'substanceExposureRisk' extension is available as a structured and more flexible alternative to the 'code' element for making positive or negative allergy or intolerance statements.  This extension provides the capability to make ""no known allergy"" (or ""no risk of adverse reaction"") statements regarding any coded substance/product (including cases when a pre-coordinated ""no allergy to x"" concept for that substance/product does not exist).  If the 'substanceExposureRisk' extension is present, the AllergyIntolerance.code element SHALL be omitted.","","","","","","","","",,"preferred","","http://hl7.no/fhir/ig/demo-at/ValueSet/annen-allergi-som-kritisk-informasjon-7514","",,,,"AllergyIntolerance.code",0,1,"","ele-1:All FHIR elements must have a @value or children {hasValue() or (children().count() > id.count())}
"
"demo-at-allergy-intolerance","AllergyIntolerance.patient","AllergyIntolerance.patient","","Patient
","",1,1,"","","Y","Reference {[]} {[CanonicalType[http://hl7.eu/fhir/base/StructureDefinition/patient-eu-core]]}
","Who the allergy or intolerance concerns","The patient who has the allergy or intolerance.","","","","","","","","","",,,,,"",,,,"AllergyIntolerance.patient",1,1,"","ele-1:All FHIR elements must have a @value or children {hasValue() or (children().count() > id.count())}
"
"demo-at-allergy-intolerance","AllergyIntolerance.encounter","AllergyIntolerance.encounter","","","",0,1,"","","","Reference {[]} {[CanonicalType[http://hl7.org/fhir/StructureDefinition/Encounter|4.0.1]]}
","Encounter when the allergy or intolerance was asserted","The encounter when the allergy or intolerance was asserted.","","","","","","","","","",,,,,"",,,,"AllergyIntolerance.encounter",0,1,"","ele-1:All FHIR elements must have a @value or children {hasValue() or (children().count() > id.count())}
"
"demo-at-allergy-intolerance","AllergyIntolerance.onset[x]","AllergyIntolerance.onset[x]","","","",0,1,"","","","dateTime {[]} {[]}
Age {[]} {[]}Period {[]} {[]}Range {[]} {[]}string {[]} {[]}","Date of onset of the allergy or intolerance","Estimated or actual date,  date-time, or age when allergy or intolerance was identified.","","","","","","","","","",,,,,"","type:$this}
","",,"open","AllergyIntolerance.onset[x]",0,1,"","ele-1:All FHIR elements must have a @value or children {hasValue() or (children().count() > id.count())}
"
"demo-at-allergy-intolerance","AllergyIntolerance.onset[x]:onsetDateTime","AllergyIntolerance.onset[x]","onsetDateTime","","",0,1,"","","","dateTime {[]} {[]}
","Onset date","Estimated or actual date,  date-time, or age when allergy or intolerance was identified.","","","","","","","","","",,,,,"",,,,"AllergyIntolerance.onset[x]",0,1,"","ele-1:All FHIR elements must have a @value or children {hasValue() or (children().count() > id.count())}
"
"demo-at-allergy-intolerance","AllergyIntolerance.recordedDate","AllergyIntolerance.recordedDate","","","",1,1,"","","","dateTime {[]} {[]}
","Registreringsdato","Dato for registrering av allergi eller intoleranse","","Obligatorisk i Kjernejournal","","","","","","","",,,,,"",,,,"AllergyIntolerance.recordedDate",0,1,"","ele-1:All FHIR elements must have a @value or children {hasValue() or (children().count() > id.count())}
"
"demo-at-allergy-intolerance","AllergyIntolerance.recorder","AllergyIntolerance.recorder","","Author
","",0,1,"","","","Reference {[]} {[CanonicalType[http://hl7.org/fhir/StructureDefinition/Practitioner|4.0.1], CanonicalType[http://hl7.org/fhir/StructureDefinition/PractitionerRole|4.0.1], CanonicalType[http://hl7.org/fhir/StructureDefinition/Patient|4.0.1], CanonicalType[http://hl7.org/fhir/StructureDefinition/RelatedPerson|4.0.1]]}
","Who recorded the allergy or intolerance","Individual who recorded the record and takes responsibility for its content.","","","","","","","","","",,,,,"",,,,"AllergyIntolerance.recorder",0,1,"","ele-1:All FHIR elements must have a @value or children {hasValue() or (children().count() > id.count())}
"
"demo-at-allergy-intolerance","AllergyIntolerance.asserter","AllergyIntolerance.asserter","","Source
Informant","",0,1,"","","Y","Reference {[]} {[CanonicalType[http://hl7.org/fhir/StructureDefinition/Patient|4.0.1], CanonicalType[http://hl7.org/fhir/StructureDefinition/RelatedPerson|4.0.1], CanonicalType[http://hl7.org/fhir/StructureDefinition/Practitioner|4.0.1], CanonicalType[http://hl7.org/fhir/StructureDefinition/PractitionerRole|4.0.1]]}
","Who asserts the allergy or intolerance","The source of the information about the allergy that is recorded.","The recorder takes responsibility for the content, but can reference the source from where they got it.","","","","","","","","",,,,,"",,,,"AllergyIntolerance.asserter",0,1,"","ele-1:All FHIR elements must have a @value or children {hasValue() or (children().count() > id.count())}
"
"demo-at-allergy-intolerance","AllergyIntolerance.lastOccurrence","AllergyIntolerance.lastOccurrence","","","",0,1,"","","","dateTime {[]} {[]}
","Date(/time) of last known occurrence of a reaction","Represents the date and/or time of the last known occurrence of a reaction event.","This date may be replicated by one of the Onset of Reaction dates. Where a textual representation of the date of last occurrence is required e.g. 'In Childhood, '10 years ago' the Comment element should be used.","","","","","","","","",,,,,"",,,,"AllergyIntolerance.lastOccurrence",0,1,"","ele-1:All FHIR elements must have a @value or children {hasValue() or (children().count() > id.count())}
"
"demo-at-allergy-intolerance","AllergyIntolerance.note","AllergyIntolerance.note","","","",0,*,"","","","Annotation {[]} {[]}
","Additional text not captured in other fields","Additional narrative about the propensity for the Adverse Reaction, not captured in other fields.","For example: including reason for flagging a seriousness of 'High Risk'; and instructions related to future exposure or administration of the substance, such as administration within an Intensive Care Unit or under corticosteroid cover. The notes should be related to an allergy or intolerance as a condition in general and not related to any particular episode of it. For episode notes and descriptions, use AllergyIntolerance.event.description and  AllergyIntolerance.event.notes.","","","","","","","","",,,,,"",,,,"AllergyIntolerance.note",0,*,"","ele-1:All FHIR elements must have a @value or children {hasValue() or (children().count() > id.count())}
"
"demo-at-allergy-intolerance","AllergyIntolerance.note.id","AllergyIntolerance.note.id","","","",0,1,"","","","string {[]} {[]}
","Unique id for inter-element referencing","Unique id for the element within a resource (for internal references). This may be any string value that does not contain spaces.","","","","","","","","","",,,,,"",,,,"Element.id",0,1,"",""
"demo-at-allergy-intolerance","AllergyIntolerance.note.extension","AllergyIntolerance.note.extension","","extensions
user content","",0,*,"","","","Extension {[]} {[]}
","Additional content defined by implementations","May be used to represent additional information that is not part of the basic definition of the element. To make the use of extensions safe and manageable, there is a strict set of governance  applied to the definition and use of extensions. Though any implementer can define an extension, there is a set of requirements that SHALL be met as part of the definition of the extension.","There can be no stigma associated with the use of extensions by any application, project, or standard - regardless of the institution or jurisdiction that uses or defines the extensions.  The use of extensions is what allows the FHIR specification to retain a core level of simplicity for everyone.","","","","","","","","",,,,,"","value:url}
","Extensions are always sliced by (at least) url",,"open","Element.extension",0,*,"","ele-1:All FHIR elements must have a @value or children {hasValue() or (children().count() > id.count())}
ext-1:Must have either extensions or value[x], not both {extension.exists() != value.exists()}"
"demo-at-allergy-intolerance","AllergyIntolerance.note.author[x]","AllergyIntolerance.note.author[x]","","","",0,1,"","","Y","Reference {[]} {[CanonicalType[http://hl7.org/fhir/StructureDefinition/Practitioner|4.0.1], CanonicalType[http://hl7.org/fhir/StructureDefinition/Patient|4.0.1], CanonicalType[http://hl7.org/fhir/StructureDefinition/RelatedPerson|4.0.1], CanonicalType[http://hl7.org/fhir/StructureDefinition/Organization|4.0.1]]}
string {[]} {[]}","Individual responsible for the annotation","The individual responsible for making the annotation.","Organization is used when there's no need for specific attribution as to who made the comment.","","","","","","","","",,,,,"",,,,"Annotation.author[x]",0,1,"","ele-1:All FHIR elements must have a @value or children {hasValue() or (children().count() > id.count())}
"
"demo-at-allergy-intolerance","AllergyIntolerance.note.time","AllergyIntolerance.note.time","","","",0,1,"","","Y","dateTime {[]} {[]}
","When the annotation was made","Indicates when this particular annotation was made.","","","","","","","","","",,,,,"",,,,"Annotation.time",0,1,"","ele-1:All FHIR elements must have a @value or children {hasValue() or (children().count() > id.count())}
"
"demo-at-allergy-intolerance","AllergyIntolerance.note.text","AllergyIntolerance.note.text","","","",1,1,"","","Y","markdown {[]} {[]}
","Additional information about the allergy or intolerance","The text of the annotation in markdown format.","","","","","","","","","",,,,,"",,,,"Annotation.text",1,1,"","ele-1:All FHIR elements must have a @value or children {hasValue() or (children().count() > id.count())}
"
"demo-at-allergy-intolerance","AllergyIntolerance.reaction","AllergyIntolerance.reaction","","","",0,*,"","","","BackboneElement {[]} {[]}
","Adverse Reaction Events linked to exposure to substance","Details about each adverse reaction event linked to exposure to the identified substance.","","","","","","","","","",,,,,"",,,,"AllergyIntolerance.reaction",0,*,"","ele-1:All FHIR elements must have a @value or children {hasValue() or (children().count() > id.count())}
"
"demo-at-allergy-intolerance","AllergyIntolerance.reaction.id","AllergyIntolerance.reaction.id","","","",0,1,"","","","string {[]} {[]}
","Unique id for inter-element referencing","Unique id for the element within a resource (for internal references). This may be any string value that does not contain spaces.","","","","","","","","","",,,,,"",,,,"Element.id",0,1,"",""
"demo-at-allergy-intolerance","AllergyIntolerance.reaction.extension","AllergyIntolerance.reaction.extension","","extensions
user content","",0,*,"","","","Extension {[]} {[]}
","Additional content defined by implementations","May be used to represent additional information that is not part of the basic definition of the element. To make the use of extensions safe and manageable, there is a strict set of governance  applied to the definition and use of extensions. Though any implementer can define an extension, there is a set of requirements that SHALL be met as part of the definition of the extension.","There can be no stigma associated with the use of extensions by any application, project, or standard - regardless of the institution or jurisdiction that uses or defines the extensions.  The use of extensions is what allows the FHIR specification to retain a core level of simplicity for everyone.","","","","","","","","",,,,,"",,,,"Element.extension",0,*,"","ele-1:All FHIR elements must have a @value or children {hasValue() or (children().count() > id.count())}
ext-1:Must have either extensions or value[x], not both {extension.exists() != value.exists()}"
"demo-at-allergy-intolerance","AllergyIntolerance.reaction.modifierExtension","AllergyIntolerance.reaction.modifierExtension","","extensions
user contentmodifiers","",0,*,"","Y","Y","Extension {[]} {[]}
","Extensions that cannot be ignored even if unrecognized","May be used to represent additional information that is not part of the basic definition of the element and that modifies the understanding of the element in which it is contained and/or the understanding of the containing element's descendants. Usually modifier elements provide negation or qualification. To make the use of extensions safe and manageable, there is a strict set of governance applied to the definition and use of extensions. Though any implementer can define an extension, there is a set of requirements that SHALL be met as part of the definition of the extension. Applications processing a resource are required to check for modifier extensions.

Modifier extensions SHALL NOT change the meaning of any elements on Resource or DomainResource (including cannot change the meaning of modifierExtension itself).","There can be no stigma associated with the use of extensions by any application, project, or standard - regardless of the institution or jurisdiction that uses or defines the extensions.  The use of extensions is what allows the FHIR specification to retain a core level of simplicity for everyone.","Modifier extensions allow for extensions that *cannot* be safely ignored to be clearly distinguished from the vast majority of extensions which can be safely ignored.  This promotes interoperability by eliminating the need for implementers to prohibit the presence of extensions. For further information, see the [definition of modifier extensions](http://hl7.org/fhir/R4/extensibility.html#modifierExtension).","","","","","","","",,,,,"",,,,"BackboneElement.modifierExtension",0,*,"","ele-1:All FHIR elements must have a @value or children {hasValue() or (children().count() > id.count())}
ext-1:Must have either extensions or value[x], not both {extension.exists() != value.exists()}"
"demo-at-allergy-intolerance","AllergyIntolerance.reaction.substance","AllergyIntolerance.reaction.substance","","","",0,1,"Y","","","CodeableConcept {[]} {[]}
","Specific substance or pharmaceutical product considered to be responsible for event","Identification of the specific substance (or pharmaceutical product) considered to be responsible for the Adverse Reaction event. Note: the substance for a specific reaction may be different from the substance identified as the cause of the risk, but it must be consistent with it. For instance, it may be a more specific substance (e.g. a brand medication) or a composite product that includes the identified substance. It must be clinically safe to only process the 'code' and ignore the 'reaction.substance'.  If a receiving system is unable to confirm that AllergyIntolerance.reaction.substance falls within the semantic scope of AllergyIntolerance.code, then the receiving system should ignore AllergyIntolerance.reaction.substance.","Coding of the specific substance (or pharmaceutical product) with a terminology capable of triggering decision support should be used wherever possible.  The 'code' element allows for the use of a specific substance or pharmaceutical product, or a group or class of substances. In the case of an allergy or intolerance to a class of substances, (for example, ""penicillins""), the 'reaction.substance' element could be used to code the specific substance that was identified as having caused the reaction (for example, ""amoxycillin""). Duplication of the value in the 'code' and 'reaction.substance' elements is acceptable when a specific substance has been recorded in 'code'.","","","","","","","","",,"example","","http://terminology.ehdsi.eu/ValueSet/eHDSIAllergenNoDrug","",,,,"AllergyIntolerance.reaction.substance",0,1,"","ele-1:All FHIR elements must have a @value or children {hasValue() or (children().count() > id.count())}
"
"demo-at-allergy-intolerance","AllergyIntolerance.reaction.manifestation","AllergyIntolerance.reaction.manifestation","","Symptoms
Signs","",1,*,"","","","CodeableConcept {[]} {[]}
","Clinical symptoms/signs associated with the Event","Eksempel på kommentar/tillegg i norsk utgave","Manifestation can be expressed as a single word, phrase or brief description. For example: nausea, rash or no reaction. It is preferable that manifestation should be coded with a terminology, where possible. The values entered here may be used to display on an application screen as part of a list of adverse reactions, as recommended in the UK NHS CUI guidelines.  Terminologies commonly used include, but are not limited to, SNOMED CT or ICD10.","","","","","","","","",,"preferred","Type of allergy or intolerance reaction expected to be used in MyHealth@EU","http://hl7.org/fhir/uv/ips/ValueSet/allergy-reaction-uv-ips","",,,,"AllergyIntolerance.reaction.manifestation",1,*,"","ele-1:All FHIR elements must have a @value or children {hasValue() or (children().count() > id.count())}
"
"demo-at-allergy-intolerance","AllergyIntolerance.reaction.description","AllergyIntolerance.reaction.description","","Narrative
Text","",0,1,"","","","string {[]} {[]}
","Description of the event as a whole","Text description about the reaction as a whole, including details of the manifestation if required.","Use the description to provide any details of a particular event of the occurred reaction such as circumstances, reaction specifics, what happened before/after. Information, related to the event, but not describing a particular care should be captured in the comment field. For example: at the age of four, the patient was given penicillin for strep throat and subsequently developed severe hives.","","","","","","","","",,,,,"",,,,"AllergyIntolerance.reaction.description",0,1,"","ele-1:All FHIR elements must have a @value or children {hasValue() or (children().count() > id.count())}
"
"demo-at-allergy-intolerance","AllergyIntolerance.reaction.onset","AllergyIntolerance.reaction.onset","","","",0,1,"","","","dateTime {[]} {[]}
","Reaction onset","Record of the date and/or time of the onset of the Reaction.","","","","","","","","","",,,,,"",,,,"AllergyIntolerance.reaction.onset",0,1,"","ele-1:All FHIR elements must have a @value or children {hasValue() or (children().count() > id.count())}
"
"demo-at-allergy-intolerance","AllergyIntolerance.reaction.severity","AllergyIntolerance.reaction.severity","","","",0,1,"","","","code {[]} {[]}
","Reaction severity","Clinical assessment of the severity of the reaction event as a whole, potentially considering multiple different manifestations.","It is acknowledged that this assessment is very subjective. There may be some specific practice domains where objective scales have been applied. Objective scales can be included in this model as extensions.","","","","","","","","",,"required","Clinical assessment of the severity of a reaction event as a whole, potentially considering multiple different manifestations.","http://hl7.org/fhir/ValueSet/reaction-event-severity|4.0.1","",,,,"AllergyIntolerance.reaction.severity",0,1,"","ele-1:All FHIR elements must have a @value or children {hasValue() or (children().count() > id.count())}
"
"demo-at-allergy-intolerance","AllergyIntolerance.reaction.exposureRoute","AllergyIntolerance.reaction.exposureRoute","","","",0,1,"","","","CodeableConcept {[]} {[]}
","How the subject was exposed to the substance","Identification of the route by which the subject was exposed to the substance.","Coding of the route of exposure with a terminology should be used wherever possible.","","","","","","","","",,"example","A coded concept describing the route or physiological path of administration of a therapeutic agent into or onto the body of a subject.","http://hl7.org/fhir/ValueSet/route-codes|4.0.1","",,,,"AllergyIntolerance.reaction.exposureRoute",0,1,"","ele-1:All FHIR elements must have a @value or children {hasValue() or (children().count() > id.count())}
"
"demo-at-allergy-intolerance","AllergyIntolerance.reaction.note","AllergyIntolerance.reaction.note","","","",0,*,"","","","Annotation {[]} {[]}
","Text about event not captured in other fields","Additional text about the adverse reaction event not captured in other fields.","Use this field to record information indirectly related to a particular event and not captured in the description. For example: Clinical records are no longer available, recorded based on information provided to the patient by her mother and her mother is deceased.","","","","","","","","",,,,,"",,,,"AllergyIntolerance.reaction.note",0,*,"","ele-1:All FHIR elements must have a @value or children {hasValue() or (children().count() > id.count())}
"
"demo-at-patient","Patient","Patient","","SubjectOfCare Client Resident
","",0,*,"","","","null {[]} {[]}
","Information about an individual or animal receiving health care services","Demographics and other administrative information about an individual or animal receiving care or other health-related services.","","","","","","","","","",,,,,"",,,,"Patient",0,*,"","dom-2:If the resource is contained in another resource, it SHALL NOT contain nested Resources {contained.contained.empty()}
dom-3:If the resource is contained in another resource, it SHALL be referred to from elsewhere in the resource or SHALL refer to the containing resource {contained.where((('#'+id in (%resource.descendants().reference | %resource.descendants().as(canonical) | %resource.descendants().as(uri) | %resource.descendants().as(url))) or descendants().where(reference = '#').exists() or descendants().where(as(canonical) = '#').exists() or descendants().where(as(canonical) = '#').exists()).not()).trace('unmatched', id).empty()}dom-4:If a resource is contained in another resource, it SHALL NOT have a meta.versionId or a meta.lastUpdated {contained.meta.versionId.empty() and contained.meta.lastUpdated.empty()}dom-5:If a resource is contained in another resource, it SHALL NOT have a security label {contained.meta.security.empty()}dom-6:A resource should have narrative for robust management {text.`div`.exists()}"
"demo-at-patient","Patient.id","Patient.id","","","",0,1,"","","Y","id {[]} {[]}
","Logical id of this artifact","The logical id of the resource, as used in the URL for the resource. Once assigned, this value never changes.","The only time that a resource does not have an id is when it is being submitted to the server using a create operation.","","","","","","","","",,,,,"",,,,"Resource.id",0,1,"",""
"demo-at-patient","Patient.meta","Patient.meta","","","",0,1,"","","Y","Meta {[]} {[]}
","Metadata about the resource","The metadata about the resource. This is content that is maintained by the infrastructure. Changes to the content might not always be associated with version changes to the resource.","","","","","","","","","",,,,,"",,,,"Resource.meta",0,1,"","ele-1:All FHIR elements must have a @value or children {hasValue() or (children().count() > id.count())}
"
"demo-at-patient","Patient.implicitRules","Patient.implicitRules","","","",0,1,"","Y","Y","uri {[]} {[]}
","A set of rules under which this content was created","A reference to a set of rules that were followed when the resource was constructed, and which must be understood when processing the content. Often, this is a reference to an implementation guide that defines the special rules along with other profiles etc.","Asserting this rule set restricts the content to be only understood by a limited set of trading partners. This inherently limits the usefulness of the data in the long term. However, the existing health eco-system is highly fractured, and not yet ready to define, collect, and exchange data in a generally computable sense. Wherever possible, implementers and/or specification writers should avoid using this element. Often, when used, the URL is a reference to an implementation guide that defines these special rules as part of it's narrative along with other profiles, value sets, etc.","","","","","","","","",,,,,"",,,,"Resource.implicitRules",0,1,"","ele-1:All FHIR elements must have a @value or children {hasValue() or (children().count() > id.count())}
"
"demo-at-patient","Patient.language","Patient.language","","","",0,1,"","","","code {[]} {[]}
","Language of the resource content","The base language in which the resource is written.","Language is provided to support indexing and accessibility (typically, services such as text to speech use the language tag). The html language tag in the narrative applies  to the narrative. The language tag on the resource may be used to specify the language of other presentations generated from the data in the resource. Not all the content has to be in the base language. The Resource.language should not be assumed to apply to the narrative automatically. If a language is specified, it should it also be specified on the div element in the html (see rules in HTML5 for information about the relationship between xml:lang and the html lang attribute).","","","","","","","","",,"preferred","A human language.","http://hl7.org/fhir/ValueSet/languages|4.0.1","",,,,"Resource.language",0,1,"","ele-1:All FHIR elements must have a @value or children {hasValue() or (children().count() > id.count())}
"
"demo-at-patient","Patient.text","Patient.text","","narrative
htmlxhtmldisplay","",0,1,"","","","Narrative {[]} {[]}
","Text summary of the resource, for human interpretation","A human-readable narrative that contains a summary of the resource and can be used to represent the content of the resource to a human. The narrative need not encode all the structured data, but is required to contain sufficient detail to make it ""clinically safe"" for a human to just read the narrative. Resource definitions may define what content should be represented in the narrative to ensure clinical safety.","Contained resources do not have narrative. Resources that are not contained SHOULD have a narrative. In some cases, a resource may only have text with little or no additional discrete data (as long as all minOccurs=1 elements are satisfied).  This may be necessary for data from legacy systems where information is captured as a ""text blob"" or where text is additionally entered raw or narrated and encoded information is added later.","","","","","","","","",,,,,"",,,,"DomainResource.text",0,1,"","ele-1:All FHIR elements must have a @value or children {hasValue() or (children().count() > id.count())}
"
"demo-at-patient","Patient.contained","Patient.contained","","inline resources
anonymous resourcescontained resources","",0,*,"","","","Resource {[]} {[]}
","Contained, inline Resources","These resources do not have an independent existence apart from the resource that contains them - they cannot be identified independently, and nor can they have their own independent transaction scope.","This should never be done when the content can be identified properly, as once identification is lost, it is extremely difficult (and context dependent) to restore it again. Contained resources may have profiles and tags In their meta elements, but SHALL NOT have security labels.","","","","","","","","",,,,,"",,,,"DomainResource.contained",0,*,"",""
"demo-at-patient","Patient.extension","Patient.extension","","","",0,*,"","","","Extension {[]} {[]}
","Extension","An Extension","","","","","","","","","",,,,,"","value:url}
","",,"open","DomainResource.extension",0,*,"","ele-1:All FHIR elements must have a @value or children {hasValue() or (children().count() > id.count())}
ext-1:Must have either extensions or value[x], not both {extension.exists() != value.exists()}"
"demo-at-patient","Patient.extension:birthPlace","Patient.extension","birthPlace","","",0,1,"","","","Extension {[CanonicalType[http://hl7.org/fhir/StructureDefinition/patient-birthPlace]]} {[]}
","Place of Birth for patient","The registered place of birth of the patient. A sytem may use the address.text if they don't store the birthPlace address in discrete elements.","","","","","","","","","",,,,,"",,,,"DomainResource.extension",0,*,"","ele-1:All FHIR elements must have a @value or children {hasValue() or (children().count() > id.count())}
ext-1:Must have either extensions or value[x], not both {extension.exists() != value.exists()}"
"demo-at-patient","Patient.extension:birthPlace.id","Patient.extension.id","","","",0,1,"","","","id {[]} {[]}
","Unique id for inter-element referencing","Unique id for the element within a resource (for internal references). This may be any string value that does not contain spaces.","","","","","","","","","",,,,,"",,,,"Element.id",0,1,"ele-1
",""
"demo-at-patient","Patient.extension:birthPlace.extension","Patient.extension.extension","","","",0,0,"","","","Extension {[]} {[]}
","Extension","An Extension","","","","","","","","","",,,,,"","value:url}
","Extensions are always sliced by (at least) url",,"open","Element.extension",0,*,"","ele-1:All FHIR elements must have a @value or children {hasValue() or (children().count() > id.count())}
ext-1:Must have either extensions or value[x], not both {extension.exists() != value.exists()}"
"demo-at-patient","Patient.extension:birthPlace.url","Patient.extension.url","","","",1,1,"","","","uri {[]} {[]}
","identifies the meaning of the extension","Source of the definition for the extension code - a logical name or a URL.","The definition may point directly to a computable or human-readable definition of the extensibility codes, or it may be a logical URI as declared in some other specification. The definition SHALL be a URI for the Structure Definition defining the extension.","","","","<valueUri xmlns=""http://hl7.org/fhir"" value=""http://hl7.org/fhir/StructureDefinition/patient-birthPlace""/>","","","","",,,,,"",,,,"Extension.url",1,1,"",""
"demo-at-patient","Patient.extension:birthPlace.value[x]","Patient.extension.value[x]","","","",1,1,"","","","Address {[CanonicalType[http://hl7.eu/fhir/base/StructureDefinition/Address-eu]]} {[]}
","Value of extension","Value of extension - must be one of a constrained set of the data types (see [Extensibility](http://hl7.org/fhir/R5/extensibility.html) for a list).","","","","","","","","","",,,,,"",,,,"Extension.value[x]",0,1,"ext-1
","ele-1:All FHIR elements must have a @value or children {hasValue() or (children().count() > id.count())}
"
"demo-at-patient","Patient.extension:sex-for-clinical-use","Patient.extension","sex-for-clinical-use","","",0,*,"","","","Extension {[CanonicalType[http://hl7.org/fhir/StructureDefinition/patient-sexParameterForClinicalUse]]} {[]}
","Sex for clinical use","A parameter that provides guidance on how a recipient should apply settings or reference ranges that are derived from observable information such as an organ inventory, recent hormone lab tests, genetic testing, menstrual status, obstetric history, etc..","","","","","","","","","",,,,,"",,,,"DomainResource.extension",0,*,"","ele-1:All FHIR elements must have a @value or children {hasValue() or (children().count() > id.count())}
ext-1:Must have either extensions or value[x], not both {extension.exists() != value.exists()}"
"demo-at-patient","Patient.extension:gender-identity","Patient.extension","gender-identity","","",0,*,"","","","Extension {[CanonicalType[http://hl7.org/fhir/StructureDefinition/individual-genderIdentity]]} {[]}
","Gender identity","An individual's personal sense of being a man, woman, boy, girl, nonbinary, or something else.","This represents an individual’s identity, ascertained by asking them what that identity is.","","","","","","","","",,,,,"",,,,"DomainResource.extension",0,*,"","ele-1:All FHIR elements must have a @value or children {hasValue() or (children().count() > id.count())}
ext-1:Must have either extensions or value[x], not both {extension.exists() != value.exists()}"
"demo-at-patient","Patient.extension:pronouns","Patient.extension","pronouns","","",0,*,"","","","Extension {[CanonicalType[http://hl7.org/fhir/StructureDefinition/individual-pronouns]]} {[]}
","Pronouns","The pronouns to use when referring to an individual in verbal or written communication.","","","","","","","","","",,,,,"",,,,"DomainResource.extension",0,*,"","ele-1:All FHIR elements must have a @value or children {hasValue() or (children().count() > id.count())}
ext-1:Must have either extensions or value[x], not both {extension.exists() != value.exists()}"
"demo-at-patient","Patient.extension:patient-citizenship","Patient.extension","patient-citizenship","","",0,*,"","","","Extension {[CanonicalType[http://hl7.org/fhir/StructureDefinition/patient-citizenship]]} {[]}
","Citizenship","The patient's legal status as citizen of a country.","","","","","","","","","",,,,,"",,,,"DomainResource.extension",0,*,"","ele-1:All FHIR elements must have a @value or children {hasValue() or (children().count() > id.count())}
ext-1:Must have either extensions or value[x], not both {extension.exists() != value.exists()}"
"demo-at-patient","Patient.extension:patient-nationality","Patient.extension","patient-nationality","","",0,*,"","","","Extension {[CanonicalType[http://hl7.org/fhir/StructureDefinition/patient-nationality]]} {[]}
","Nationality","The nationality of the patient.","","","","","","","","","",,,,,"",,,,"DomainResource.extension",0,*,"","ele-1:All FHIR elements must have a @value or children {hasValue() or (children().count() > id.count())}
ext-1:Must have either extensions or value[x], not both {extension.exists() != value.exists()}"
"demo-at-patient","Patient.extension:birthTime","Patient.extension","birthTime","","",0,1,"","","","Extension {[CanonicalType[http://hl7.org/fhir/StructureDefinition/patient-birthTime]]} {[]}
","Birth time","The time of day that the Patient/Person/RelatedPerson/Practitioner was born. This includes the date to ensure that the timezone information can be communicated effectively.","The patient prefix on the extension was retained to ensure backward compatibility with existing data (the content itself is provided to assist in sharing data across patient resources effectively)","","","","","","","","",,,,,"",,,,"DomainResource.extension",0,*,"","ele-1:All FHIR elements must have a @value or children {hasValue() or (children().count() > id.count())}
ext-1:Must have either extensions or value[x], not both {extension.exists() != value.exists()}"
"demo-at-patient","Patient.modifierExtension","Patient.modifierExtension","","extensions
user content","",0,*,"","Y","","Extension {[]} {[]}
","Extensions that cannot be ignored","May be used to represent additional information that is not part of the basic definition of the resource and that modifies the understanding of the element that contains it and/or the understanding of the containing element's descendants. Usually modifier elements provide negation or qualification. To make the use of extensions safe and manageable, there is a strict set of governance applied to the definition and use of extensions. Though any implementer is allowed to define an extension, there is a set of requirements that SHALL be met as part of the definition of the extension. Applications processing a resource are required to check for modifier extensions.

Modifier extensions SHALL NOT change the meaning of any elements on Resource or DomainResource (including cannot change the meaning of modifierExtension itself).","There can be no stigma associated with the use of extensions by any application, project, or standard - regardless of the institution or jurisdiction that uses or defines the extensions.  The use of extensions is what allows the FHIR specification to retain a core level of simplicity for everyone.","Modifier extensions allow for extensions that *cannot* be safely ignored to be clearly distinguished from the vast majority of extensions which can be safely ignored.  This promotes interoperability by eliminating the need for implementers to prohibit the presence of extensions. For further information, see the [definition of modifier extensions](http://hl7.org/fhir/R4/extensibility.html#modifierExtension).","","","","","","","",,,,,"",,,,"DomainResource.modifierExtension",0,*,"","ele-1:All FHIR elements must have a @value or children {hasValue() or (children().count() > id.count())}
ext-1:Must have either extensions or value[x], not both {extension.exists() != value.exists()}"
"demo-at-patient","Patient.identifier","Patient.identifier","","","",0,*,"Y","","Y","Identifier {[]} {[]}
","Patient identifiers","An identifier for this patient.","","Patients are almost always assigned specific numerical identifiers.","","","","","","","",,,,,"",,,,"Patient.identifier",0,*,"","ele-1:All FHIR elements must have a @value or children {hasValue() or (children().count() > id.count())}
"
"demo-at-patient","Patient.active","Patient.active","","","",0,1,"","Y","Y","boolean {[]} {[]}
","Whether this patient's record is in active use","Whether this patient record is in active use. 
Many systems use this property to mark as non-current patients, such as those that have not been seen for a period of time based on an organization's business rules.

It is often used to filter patient lists to exclude inactive patients

Deceased patients may also be marked as inactive for the same reasons, but may be active for some time after death.","If a record is inactive, and linked to an active record, then future patient/record updates should occur on the other patient.","Need to be able to mark a patient record as not to be used because it was created in error.","","This resource is generally assumed to be active if no value is provided for the active element","","","","","",,,,,"",,,,"Patient.active",0,1,"","ele-1:All FHIR elements must have a @value or children {hasValue() or (children().count() > id.count())}
"
"demo-at-patient","Patient.name","Patient.name","","","",1,*,"","","Y","HumanName {[]} {[]}
","A name associated with the patient","A name associated with the individual.","A patient may have multiple names with different uses or applicable periods. For animals, the name is a ""HumanName"" in the sense that is assigned and used by humans and has the same patterns.","Need to be able to track the patient by multiple names. Examples are your official name and a partner name.
The Alphabetic representation of the name SHALL be always provided","","","","","","","",,,,,"",,,,"Patient.name",0,*,"","ele-1:All FHIR elements must have a @value or children {hasValue() or (children().count() > id.count())}
eu-pat-1:given, family, text or a data-absent-reason extension SHALL be present {family.exists() or given.exists() or text.exists() or extension('http://hl7.org/fhir/StructureDefinition/data-absent-reason').exists()}"
"demo-at-patient","Patient.name.id","Patient.name.id","","","",0,1,"","","","string {[]} {[]}
","Unique id for inter-element referencing","Unique id for the element within a resource (for internal references). This may be any string value that does not contain spaces.","","","","","","","","","",,,,,"",,,,"Element.id",0,1,"",""
"demo-at-patient","Patient.name.extension","Patient.name.extension","","extensions
user content","",0,*,"","","","Extension {[]} {[]}
","Additional content defined by implementations","May be used to represent additional information that is not part of the basic definition of the element. To make the use of extensions safe and manageable, there is a strict set of governance  applied to the definition and use of extensions. Though any implementer can define an extension, there is a set of requirements that SHALL be met as part of the definition of the extension.","There can be no stigma associated with the use of extensions by any application, project, or standard - regardless of the institution or jurisdiction that uses or defines the extensions.  The use of extensions is what allows the FHIR specification to retain a core level of simplicity for everyone.","","","","","","","","",,,,,"","value:url}
","Extensions are always sliced by (at least) url",,"open","Element.extension",0,*,"","ele-1:All FHIR elements must have a @value or children {hasValue() or (children().count() > id.count())}
ext-1:Must have either extensions or value[x], not both {extension.exists() != value.exists()}"
"demo-at-patient","Patient.name.use","Patient.name.use","","","",0,1,"","Y","Y","code {[]} {[]}
","usual | official | temp | nickname | anonymous | old | maiden","Identifies the purpose for this name.","Applications can assume that a name is current unless it explicitly says that it is temporary or old.","Allows the appropriate name for a particular context of use to be selected from among a set of names.","","","","","","","",,"required","The use of a human name.","http://hl7.org/fhir/ValueSet/name-use|4.0.1","",,,,"HumanName.use",0,1,"","ele-1:All FHIR elements must have a @value or children {hasValue() or (children().count() > id.count())}
"
"demo-at-patient","Patient.name.text","Patient.name.text","","","",0,1,"","","Y","string {[]} {[]}
","Text representation of the full name.","Text representation of the full name. Due to the cultural variance around the world a consuming system may not know how to present the name correctly; moreover not all the parts of the name go in given or family. Creators are therefore strongly encouraged to provide through this element a presented version of the name. Future versions of this guide may require this element.","Can provide both a text representation and parts. Applications updating a name SHALL ensure that when both text and parts are present,  no content is included in the text that isn't found in a part.","A renderable, unencoded form.","","","","","","","",,,,,"",,,,"HumanName.text",0,1,"","ele-1:All FHIR elements must have a @value or children {hasValue() or (children().count() > id.count())}
"
"demo-at-patient","Patient.name.family","Patient.name.family","","surname
","",0,1,"Y","","Y","string {[]} {[]}
","Family name.","The part of a name that links to the genealogy. In some cultures (e.g. Eritrea) the family name of a son is the first name of his father.","Family Name may be decomposed into specific parts using extensions (de, nl, es related cultures).","","","","","","<valueString xmlns=""http://hl7.org/fhir"" value=""Valero Iglesias""/>","","",,,,,"",,,,"HumanName.family",0,1,"","ele-1:All FHIR elements must have a @value or children {hasValue() or (children().count() > id.count())}
"
"demo-at-patient","Patient.name.given","Patient.name.given","","first name
middle name","",0,*,"","","Y","string {[]} {[]}
","Given names (not always 'first'). Includes middle names","Given name.","If only initials are recorded, they may be used in place of the full name parts. Initials may be separated into multiple given names but often aren't due to practical limitations. This element is not called ""first name"" since given names do not always come first.","","","","","","","","",,,,,"",,,,"HumanName.given",0,*,"","ele-1:All FHIR elements must have a @value or children {hasValue() or (children().count() > id.count())}
"
"demo-at-patient","Patient.name.prefix","Patient.name.prefix","","","",0,*,"","","Y","string {[]} {[]}
","Parts that come before the name","Part of the name that is acquired as a title due to academic, legal, employment or nobility status, etc. and that appears at the start of the name.","","","","","","","","","",,,,,"",,,,"HumanName.prefix",0,*,"","ele-1:All FHIR elements must have a @value or children {hasValue() or (children().count() > id.count())}
"
"demo-at-patient","Patient.name.suffix","Patient.name.suffix","","","",0,*,"","","Y","string {[]} {[]}
","Parts that come after the name","Part of the name that is acquired as a title due to academic, legal, employment or nobility status, etc. and that appears at the end of the name.","","","","","","","","","",,,,,"",,,,"HumanName.suffix",0,*,"","ele-1:All FHIR elements must have a @value or children {hasValue() or (children().count() > id.count())}
"
"demo-at-patient","Patient.name.period","Patient.name.period","","","",0,1,"","","Y","Period {[]} {[]}
","Time period when name was/is in use","Indicates the period of time when this name was valid for the named person.","","Allows names to be placed in historical context.","","","","","","","",,,,,"",,,,"HumanName.period",0,1,"","ele-1:All FHIR elements must have a @value or children {hasValue() or (children().count() > id.count())}
"
"demo-at-patient","Patient.telecom","Patient.telecom","","","",0,*,"","","Y","ContactPoint {[]} {[]}
","A contact detail for the patient","A contact detail (e.g. a telephone number or an email address) by which the individual may be contacted.","A Patient may have multiple ways to be contacted with different uses or applicable periods.  May need to have options for contacting the person urgently and also to help with identification. The address might not go directly to the individual, but may reach another party that is able to proxy for the patient (i.e. home phone, or pet owner's phone).","People have (primary) ways to contact them in some way such as phone, email.","","","","","","","",,,,,"",,,,"Patient.telecom",0,*,"","ele-1:All FHIR elements must have a @value or children {hasValue() or (children().count() > id.count())}
"
"demo-at-patient","Patient.gender","Patient.gender","","","",0,1,"","","Y","code {[]} {[]}
","Administrative Gender","Administrative Gender - the gender that the patient is considered to have for administration and record keeping purposes.","The gender might not match the biological sex as determined by genetics or the individual's preferred identification. Note that for both humans and particularly animals, there are other legitimate possibilities than male and female, though the vast majority of systems and contexts only support male and female.  Systems providing decision support or enforcing business rules should ideally do this on the basis of Observations dealing with the specific sex or gender aspect of interest (anatomical, chromosomal, social, etc.)  However, because these observations are infrequently recorded, defaulting to the administrative gender is common practice.  Where such defaulting occurs, rule enforcement should allow for the variation between administrative and biological, chromosomal and other gender aspects.  For example, an alert about a hysterectomy on a male should be handled as a warning or overridable error, not a ""hard"" error.  See the Patient Gender and Sex section for additional information about communicating patient gender and sex.","Needed for identification of the individual, in combination with (at least) name and birth date.","","","","","","","",,"required","The gender of a person used for administrative purposes.","http://hl7.org/fhir/ValueSet/administrative-gender|4.0.1","",,,,"Patient.gender",0,1,"","ele-1:All FHIR elements must have a @value or children {hasValue() or (children().count() > id.count())}
"
"demo-at-patient","Patient.birthDate","Patient.birthDate","","","",1,1,"","","Y","date {[]} {[]}
","The date of birth for the individual","The date of birth for the individual.","At least an estimated year should be provided as a guess if the real DOB is unknown. There is a standard extension ""patient-birthTime"" available that should be used where Time is required (such as in maternity/infant care systems).","Age of the individual drives many clinical processes.","","","","","","","",,,,,"",,,,"Patient.birthDate",0,1,"","ele-1:All FHIR elements must have a @value or children {hasValue() or (children().count() > id.count())}
"
"demo-at-patient","Patient.deceased[x]","Patient.deceased[x]","","","",0,1,"","Y","Y","boolean {[]} {[]}
dateTime {[]} {[]}","Indicates if the individual is deceased or not","Indicates if the individual is deceased or not.","If there's no value in the instance, it means there is no statement on whether or not the individual is deceased. Most systems will interpret the absence of a value as a sign of the person being alive.","The fact that a patient is deceased influences the clinical process. Also, in human communication and relation management it is necessary to know whether the person is alive.","","","","","","","",,,,,"",,,,"Patient.deceased[x]",0,1,"","ele-1:All FHIR elements must have a @value or children {hasValue() or (children().count() > id.count())}
"
"demo-at-patient","Patient.address","Patient.address","","","",0,*,"","","Y","Address {[CanonicalType[http://hl7.eu/fhir/base/StructureDefinition/Address-eu]]} {[]}
","An address for the individual","An address for the individual.","Patient may have multiple addresses with different uses or applicable periods.","May need to keep track of patient addresses for contacting, billing or reporting requirements and also to help with identification.","","","","","","","",,,,,"",,,,"Patient.address",0,*,"","ele-1:All FHIR elements must have a @value or children {hasValue() or (children().count() > id.count())}
"
"demo-at-patient","Patient.maritalStatus","Patient.maritalStatus","","","",0,1,"","","","CodeableConcept {[]} {[]}
","Marital status","This field contains a patient's most recent marital (civil) status.","","Most, if not all systems capture it.","","","","","","","",,"extensible","The domestic partnership status of a person.","http://hl7.org/fhir/ValueSet/marital-status|4.0.1","",,,,"Patient.maritalStatus",0,1,"","ele-1:All FHIR elements must have a @value or children {hasValue() or (children().count() > id.count())}
"
"demo-at-patient","Patient.multipleBirth[x]","Patient.multipleBirth[x]","","","",0,1,"","","","boolean {[]} {[]}
integer {[]} {[]}","Whether patient is part of a multiple birth","Indicates whether the patient is part of a multiple (boolean) or indicates the actual birth order (integer).","Where the valueInteger is provided, the number is the birth number in the sequence. E.g. The middle birth in triplets would be valueInteger=2 and the third born would have valueInteger=3 If a boolean value was provided for this triplets example, then all 3 patient records would have valueBoolean=true (the ordering is not indicated).","For disambiguation of multiple-birth children, especially relevant where the care provider doesn't meet the patient, such as labs.","","","","","","","",,,,,"",,,,"Patient.multipleBirth[x]",0,1,"","ele-1:All FHIR elements must have a @value or children {hasValue() or (children().count() > id.count())}
"
"demo-at-patient","Patient.photo","Patient.photo","","","",0,*,"","","","Attachment {[]} {[]}
","Image of the patient","Image of the patient.","Guidelines:
* Use id photos, not clinical photos.
* Limit dimensions to thumbnail.
* Keep byte count low to ease resource updates.","Many EHR systems have the capability to capture an image of the patient. Fits with newer social media usage too.","","","","","","","",,,,,"",,,,"Patient.photo",0,*,"","ele-1:All FHIR elements must have a @value or children {hasValue() or (children().count() > id.count())}
"
"demo-at-patient","Patient.contact","Patient.contact","","","",0,*,"","","","BackboneElement {[]} {[]}
","A contact party (e.g. guardian, partner, friend) for the patient","A contact party (e.g. guardian, partner, friend) for the patient.","Contact covers all kinds of contact parties: family members, business contacts, guardians, caregivers. Not applicable to register pedigree and family ties beyond use of having contact.","Need to track people you can contact about the patient.","","","","","","","",,,,,"",,,,"Patient.contact",0,*,"","ele-1:All FHIR elements must have a @value or children {hasValue() or (children().count() > id.count())}
pat-1:SHALL at least contain a contact's details or a reference to an organization {name.exists() or telecom.exists() or address.exists() or organization.exists()}"
"demo-at-patient","Patient.contact.id","Patient.contact.id","","","",0,1,"","","","string {[]} {[]}
","Unique id for inter-element referencing","Unique id for the element within a resource (for internal references). This may be any string value that does not contain spaces.","","","","","","","","","",,,,,"",,,,"Element.id",0,1,"",""
"demo-at-patient","Patient.contact.extension","Patient.contact.extension","","extensions
user content","",0,*,"","","","Extension {[]} {[]}
","Additional content defined by implementations","May be used to represent additional information that is not part of the basic definition of the element. To make the use of extensions safe and manageable, there is a strict set of governance  applied to the definition and use of extensions. Though any implementer can define an extension, there is a set of requirements that SHALL be met as part of the definition of the extension.","There can be no stigma associated with the use of extensions by any application, project, or standard - regardless of the institution or jurisdiction that uses or defines the extensions.  The use of extensions is what allows the FHIR specification to retain a core level of simplicity for everyone.","","","","","","","","",,,,,"",,,,"Element.extension",0,*,"","ele-1:All FHIR elements must have a @value or children {hasValue() or (children().count() > id.count())}
ext-1:Must have either extensions or value[x], not both {extension.exists() != value.exists()}"
"demo-at-patient","Patient.contact.modifierExtension","Patient.contact.modifierExtension","","extensions
user contentmodifiers","",0,*,"","Y","Y","Extension {[]} {[]}
","Extensions that cannot be ignored even if unrecognized","May be used to represent additional information that is not part of the basic definition of the element and that modifies the understanding of the element in which it is contained and/or the understanding of the containing element's descendants. Usually modifier elements provide negation or qualification. To make the use of extensions safe and manageable, there is a strict set of governance applied to the definition and use of extensions. Though any implementer can define an extension, there is a set of requirements that SHALL be met as part of the definition of the extension. Applications processing a resource are required to check for modifier extensions.

Modifier extensions SHALL NOT change the meaning of any elements on Resource or DomainResource (including cannot change the meaning of modifierExtension itself).","There can be no stigma associated with the use of extensions by any application, project, or standard - regardless of the institution or jurisdiction that uses or defines the extensions.  The use of extensions is what allows the FHIR specification to retain a core level of simplicity for everyone.","Modifier extensions allow for extensions that *cannot* be safely ignored to be clearly distinguished from the vast majority of extensions which can be safely ignored.  This promotes interoperability by eliminating the need for implementers to prohibit the presence of extensions. For further information, see the [definition of modifier extensions](http://hl7.org/fhir/R4/extensibility.html#modifierExtension).","","","","","","","",,,,,"",,,,"BackboneElement.modifierExtension",0,*,"","ele-1:All FHIR elements must have a @value or children {hasValue() or (children().count() > id.count())}
ext-1:Must have either extensions or value[x], not both {extension.exists() != value.exists()}"
"demo-at-patient","Patient.contact.relationship","Patient.contact.relationship","","","",0,*,"","","","CodeableConcept {[]} {[]}
","Contact relationship","The nature of the relationship between the patient and the contact person.","","Used to determine which contact person is the most relevant to approach, depending on circumstances.","","","","","","","",,"extensible","The nature of the relationship between a patient and a contact person for that patient.","http://hl7.org/fhir/ValueSet/patient-contactrelationship|4.0.1","",,,,"Patient.contact.relationship",0,*,"","ele-1:All FHIR elements must have a @value or children {hasValue() or (children().count() > id.count())}
"
"demo-at-patient","Patient.contact.name","Patient.contact.name","","","",0,1,"","","","HumanName {[]} {[]}
","Contact name","A name associated with the contact person.","","Contact persons need to be identified by name, but it is uncommon to need details about multiple other names for that contact person.","","","","","","","",,,,,"",,,,"Patient.contact.name",0,1,"","ele-1:All FHIR elements must have a @value or children {hasValue() or (children().count() > id.count())}
"
"demo-at-patient","Patient.contact.telecom","Patient.contact.telecom","","","",0,*,"","","","ContactPoint {[]} {[]}
","Contact details for the person","A contact detail for the person, e.g. a telephone number or an email address.","Contact may have multiple ways to be contacted with different uses or applicable periods.  May need to have options for contacting the person urgently, and also to help with identification.","People have (primary) ways to contact them in some way such as phone, email.","","","","","","","",,,,,"",,,,"Patient.contact.telecom",0,*,"","ele-1:All FHIR elements must have a @value or children {hasValue() or (children().count() > id.count())}
"
"demo-at-patient","Patient.contact.address","Patient.contact.address","","","",0,1,"","","","Address {[CanonicalType[http://hl7.eu/fhir/base/StructureDefinition/Address-eu]]} {[]}
","Contact person address","Address for the contact person.","","Need to keep track where the contact person can be contacted per postal mail or visited.","","","","","","","",,,,,"",,,,"Patient.contact.address",0,1,"","ele-1:All FHIR elements must have a @value or children {hasValue() or (children().count() > id.count())}
"
"demo-at-patient","Patient.contact.gender","Patient.contact.gender","","","",0,1,"","","","code {[]} {[]}
","male | female | other | unknown","Administrative Gender - the gender that the contact person is considered to have for administration and record keeping purposes.","","Needed to address the person correctly.","","","","","","","",,"required","The gender of a person used for administrative purposes.","http://hl7.org/fhir/ValueSet/administrative-gender|4.0.1","",,,,"Patient.contact.gender",0,1,"","ele-1:All FHIR elements must have a @value or children {hasValue() or (children().count() > id.count())}
"
"demo-at-patient","Patient.contact.organization","Patient.contact.organization","","","",0,1,"","","","Reference {[]} {[CanonicalType[http://hl7.org/fhir/StructureDefinition/Organization|4.0.1]]}
","Organization that is associated with the contact","Organization on behalf of which the contact is acting or for which the contact is working.","","For guardians or business related contacts, the organization is relevant.","","","","","","","",,,,,"",,,,"Patient.contact.organization",0,1,"pat-1
","ele-1:All FHIR elements must have a @value or children {hasValue() or (children().count() > id.count())}
"
"demo-at-patient","Patient.contact.period","Patient.contact.period","","","",0,1,"","","","Period {[]} {[]}
","The period during which this contact person or organization is valid to be contacted relating to this patient","The period during which this contact person or organization is valid to be contacted relating to this patient.","","","","","","","","","",,,,,"",,,,"Patient.contact.period",0,1,"","ele-1:All FHIR elements must have a @value or children {hasValue() or (children().count() > id.count())}
"
"demo-at-patient","Patient.communication","Patient.communication","","","",0,*,"","","","BackboneElement {[]} {[]}
","A language which may be used to communicate with the patient about his or her health","A language which may be used to communicate with the patient about his or her health.","If no language is specified, this *implies* that the default local language is spoken.  If you need to convey proficiency for multiple modes, then you need multiple Patient.Communication associations.   For animals, language is not a relevant field, and should be absent from the instance. If the Patient does not speak the default local language, then the Interpreter Required Standard can be used to explicitly declare that an interpreter is required.","If a patient does not speak the local language, interpreters may be required, so languages spoken and proficiency are important things to keep track of both for patient and other persons of interest.","","","","","","","",,,,,"",,,,"Patient.communication",0,*,"","ele-1:All FHIR elements must have a @value or children {hasValue() or (children().count() > id.count())}
"
"demo-at-patient","Patient.communication.id","Patient.communication.id","","","",0,1,"","","","string {[]} {[]}
","Unique id for inter-element referencing","Unique id for the element within a resource (for internal references). This may be any string value that does not contain spaces.","","","","","","","","","",,,,,"",,,,"Element.id",0,1,"",""
"demo-at-patient","Patient.communication.extension","Patient.communication.extension","","extensions
user content","",0,*,"","","","Extension {[]} {[]}
","Additional content defined by implementations","May be used to represent additional information that is not part of the basic definition of the element. To make the use of extensions safe and manageable, there is a strict set of governance  applied to the definition and use of extensions. Though any implementer can define an extension, there is a set of requirements that SHALL be met as part of the definition of the extension.","There can be no stigma associated with the use of extensions by any application, project, or standard - regardless of the institution or jurisdiction that uses or defines the extensions.  The use of extensions is what allows the FHIR specification to retain a core level of simplicity for everyone.","","","","","","","","",,,,,"",,,,"Element.extension",0,*,"","ele-1:All FHIR elements must have a @value or children {hasValue() or (children().count() > id.count())}
ext-1:Must have either extensions or value[x], not both {extension.exists() != value.exists()}"
"demo-at-patient","Patient.communication.modifierExtension","Patient.communication.modifierExtension","","extensions
user contentmodifiers","",0,*,"","Y","Y","Extension {[]} {[]}
","Extensions that cannot be ignored even if unrecognized","May be used to represent additional information that is not part of the basic definition of the element and that modifies the understanding of the element in which it is contained and/or the understanding of the containing element's descendants. Usually modifier elements provide negation or qualification. To make the use of extensions safe and manageable, there is a strict set of governance applied to the definition and use of extensions. Though any implementer can define an extension, there is a set of requirements that SHALL be met as part of the definition of the extension. Applications processing a resource are required to check for modifier extensions.

Modifier extensions SHALL NOT change the meaning of any elements on Resource or DomainResource (including cannot change the meaning of modifierExtension itself).","There can be no stigma associated with the use of extensions by any application, project, or standard - regardless of the institution or jurisdiction that uses or defines the extensions.  The use of extensions is what allows the FHIR specification to retain a core level of simplicity for everyone.","Modifier extensions allow for extensions that *cannot* be safely ignored to be clearly distinguished from the vast majority of extensions which can be safely ignored.  This promotes interoperability by eliminating the need for implementers to prohibit the presence of extensions. For further information, see the [definition of modifier extensions](http://hl7.org/fhir/R4/extensibility.html#modifierExtension).","","","","","","","",,,,,"",,,,"BackboneElement.modifierExtension",0,*,"","ele-1:All FHIR elements must have a @value or children {hasValue() or (children().count() > id.count())}
ext-1:Must have either extensions or value[x], not both {extension.exists() != value.exists()}"
"demo-at-patient","Patient.communication.language","Patient.communication.language","","","",1,1,"","","","CodeableConcept {[]} {[]}
","Communication language","The ISO-639-1 alpha 2 code in lower case for the language, optionally followed by a hyphen and the ISO-3166-1 alpha 2 code for the region in upper case; e.g. ""en"" for English, or ""en-US"" for American English versus ""en-EN"" for England English.","The structure aa-BB with this exact casing is one the most widely used notations for locale. However not all systems actually code this but instead have it as free text. Hence CodeableConcept instead of code as the data type.","Most systems in multilingual countries will want to convey language. Not all systems actually need the regional dialect.","","","","","","","",,"preferred","A human language.","http://hl7.org/fhir/ValueSet/languages|4.0.1","",,,,"Patient.communication.language",1,1,"","ele-1:All FHIR elements must have a @value or children {hasValue() or (children().count() > id.count())}
"
"demo-at-patient","Patient.communication.preferred","Patient.communication.preferred","","","",0,1,"","","","boolean {[]} {[]}
","Language preference indicator","Indicates whether or not the patient prefers this language (over other languages he masters up a certain level).","This language is specifically identified for communicating healthcare information.","People that master multiple languages up to certain level may prefer one or more, i.e. feel more confident in communicating in a particular language making other languages sort of a fall back method.","","","","","","","",,,,,"",,,,"Patient.communication.preferred",0,1,"","ele-1:All FHIR elements must have a @value or children {hasValue() or (children().count() > id.count())}
"
"demo-at-patient","Patient.generalPractitioner","Patient.generalPractitioner","","careProvider
","",0,*,"","","","Reference {[]} {[CanonicalType[http://hl7.org/fhir/StructureDefinition/Organization|4.0.1], CanonicalType[http://hl7.org/fhir/StructureDefinition/Practitioner|4.0.1], CanonicalType[http://hl7.org/fhir/StructureDefinition/PractitionerRole|4.0.1]]}
","Patient's nominated primary care provider.","Patient's nominated care provider.","This may be the primary care provider (in a GP context), or it may be a patient nominated care manager in a community/disability setting, or even organization that will provide people to perform the care provider roles.  It is not to be used to record Care Teams, these should be in a CareTeam resource that may be linked to the CarePlan or EpisodeOfCare resources.
Multiple GPs may be recorded against the patient for various reasons, such as a student that has his home GP listed along with the GP at university during the school semesters, or a ""fly-in/fly-out"" worker that has the onsite GP also included with his home GP to remain aware of medical issues.

Jurisdictions may decide that they can profile this down to 1 if desired, or 1 per type.","","","","","","","","",,,,,"",,,,"Patient.generalPractitioner",0,*,"","ele-1:All FHIR elements must have a @value or children {hasValue() or (children().count() > id.count())}
"
"demo-at-patient","Patient.managingOrganization","Patient.managingOrganization","","","",0,1,"","","Y","Reference {[]} {[CanonicalType[http://hl7.org/fhir/StructureDefinition/Organization|4.0.1]]}
","Organization that is the custodian of the patient record","Organization that is the custodian of the patient record.","There is only one managing organization for a specific patient record. Other organizations will have their own Patient record, and may use the Link property to join the records together (or a Person resource which can include confidence ratings for the association).","Need to know who recognizes this patient record, manages and updates it.","","","","","","","",,,,,"",,,,"Patient.managingOrganization",0,1,"","ele-1:All FHIR elements must have a @value or children {hasValue() or (children().count() > id.count())}
"
"demo-at-patient","Patient.link","Patient.link","","","",0,*,"","Y","Y","BackboneElement {[]} {[]}
","Link to another patient resource that concerns the same actual person","Link to another patient resource that concerns the same actual patient.","There is no assumption that linked patient records have mutual links.","There are multiple use cases:   

* Duplicate patient records due to the clerical errors associated with the difficulties of identifying humans consistently, and 
* Distribution of patient information across multiple servers.","","","","","","","",,,,,"",,,,"Patient.link",0,*,"","ele-1:All FHIR elements must have a @value or children {hasValue() or (children().count() > id.count())}
"
"demo-at-patient","Patient.link.id","Patient.link.id","","","",0,1,"","","","string {[]} {[]}
","Unique id for inter-element referencing","Unique id for the element within a resource (for internal references). This may be any string value that does not contain spaces.","","","","","","","","","",,,,,"",,,,"Element.id",0,1,"",""
"demo-at-patient","Patient.link.extension","Patient.link.extension","","extensions
user content","",0,*,"","","","Extension {[]} {[]}
","Additional content defined by implementations","May be used to represent additional information that is not part of the basic definition of the element. To make the use of extensions safe and manageable, there is a strict set of governance  applied to the definition and use of extensions. Though any implementer can define an extension, there is a set of requirements that SHALL be met as part of the definition of the extension.","There can be no stigma associated with the use of extensions by any application, project, or standard - regardless of the institution or jurisdiction that uses or defines the extensions.  The use of extensions is what allows the FHIR specification to retain a core level of simplicity for everyone.","","","","","","","","",,,,,"",,,,"Element.extension",0,*,"","ele-1:All FHIR elements must have a @value or children {hasValue() or (children().count() > id.count())}
ext-1:Must have either extensions or value[x], not both {extension.exists() != value.exists()}"
"demo-at-patient","Patient.link.modifierExtension","Patient.link.modifierExtension","","extensions
user contentmodifiers","",0,*,"","Y","Y","Extension {[]} {[]}
","Extensions that cannot be ignored even if unrecognized","May be used to represent additional information that is not part of the basic definition of the element and that modifies the understanding of the element in which it is contained and/or the understanding of the containing element's descendants. Usually modifier elements provide negation or qualification. To make the use of extensions safe and manageable, there is a strict set of governance applied to the definition and use of extensions. Though any implementer can define an extension, there is a set of requirements that SHALL be met as part of the definition of the extension. Applications processing a resource are required to check for modifier extensions.

Modifier extensions SHALL NOT change the meaning of any elements on Resource or DomainResource (including cannot change the meaning of modifierExtension itself).","There can be no stigma associated with the use of extensions by any application, project, or standard - regardless of the institution or jurisdiction that uses or defines the extensions.  The use of extensions is what allows the FHIR specification to retain a core level of simplicity for everyone.","Modifier extensions allow for extensions that *cannot* be safely ignored to be clearly distinguished from the vast majority of extensions which can be safely ignored.  This promotes interoperability by eliminating the need for implementers to prohibit the presence of extensions. For further information, see the [definition of modifier extensions](http://hl7.org/fhir/R4/extensibility.html#modifierExtension).","","","","","","","",,,,,"",,,,"BackboneElement.modifierExtension",0,*,"","ele-1:All FHIR elements must have a @value or children {hasValue() or (children().count() > id.count())}
ext-1:Must have either extensions or value[x], not both {extension.exists() != value.exists()}"
"demo-at-patient","Patient.link.other","Patient.link.other","","","",1,1,"","","Y","Reference {[]} {[CanonicalType[http://hl7.org/fhir/StructureDefinition/Patient|4.0.1], CanonicalType[http://hl7.org/fhir/StructureDefinition/RelatedPerson|4.0.1]]}
","The other patient or related person resource that the link refers to","The other patient resource that the link refers to.","Referencing a RelatedPerson here removes the need to use a Person record to associate a Patient and RelatedPerson as the same individual.","","","","","","","","",,,,,"",,,,"Patient.link.other",1,1,"","ele-1:All FHIR elements must have a @value or children {hasValue() or (children().count() > id.count())}
"
"demo-at-patient","Patient.link.type","Patient.link.type","","","",1,1,"","","Y","code {[]} {[]}
","replaced-by | replaces | refer | seealso","The type of link between this patient resource and another patient resource.","","","","","","","","","",,"required","The type of link between this patient resource and another patient resource.","http://hl7.org/fhir/ValueSet/link-type|4.0.1","",,,,"Patient.link.type",1,1,"","ele-1:All FHIR elements must have a @value or children {hasValue() or (children().count() > id.count())}
"
