Source File	Size	loadResources	load	generateSnapshots	load-configure	scan	loadDepInfo	loadInfo	checkR4R4B	generateNarratives	validate	loadLists	checkConformanceResources	checkConformanceResources2	checkConformanceResources3	generateLogicalMaps	validateExpressions	scanForUsageStats	checkURLsUnique	processProvenanceDetails	generate1	generate2	generateLogicals	makeDependencies	generateExampleZip	generateValidationPack	scanProfilesForR5	scanExamplesForR5
/fsh-generated/resources/ImplementationGuide-hl7.fhir.no.demo-at.json	4622	-	0	0	0	0	0	0	11	60	0	0	1	0	0	0	0	0	0	0	70	84	0	0	0	4	0	1
fsh-generated/resources/AllergyIntolerance-DemoAtAllergyIntolerance-1.json	1481	4	0	0	3	0	0	0	1	583	0	0	0	0	0	0	0	1	0	0	12	18	0	0	1	0	0	0
fsh-generated/resources/AllergyIntolerance-DemoAtAllergyIntolerance-2.json	3315	3	0	0	0	0	0	0	1	9	0	0	0	0	0	0	0	0	0	0	15	20	0	0	0	0	0	0
fsh-generated/resources/CodeSystem-no-kodeverk-7514.codesystem.json	1880	3	0	0	0	0	0	0	0	7	0	0	0	0	0	0	0	0	0	0	18	95	0	0	0	1	0	0
fsh-generated/resources/CodeSystem-no-kodeverk-7852.codesystem.json	2317	2	0	0	0	0	0	0	1	6	0	0	0	0	0	0	0	0	0	0	12	89	0	0	0	0	0	0
fsh-generated/resources/Patient-DemoAtPatient-1.json	669	2	0	0	0	0	0	0	0	0	0	0	0	0	0	0	0	0	0	0	4	11	0	0	0	0	0	0
fsh-generated/resources/StructureDefinition-demo-at-allergy-intolerance.json	3556	2	0	53	0	0	0	0	1	85	0	0	1	0	0	0	0	1	0	0	147	960	0	1	0	22	0	1
fsh-generated/resources/StructureDefinition-demo-at-patient.json	848	2	0	57	0	0	0	0	0	25	0	0	0	0	0	0	0	1	0	0	148	365	0	0	0	13	0	0
fsh-generated/resources/ValueSet-allergener-7852.json	424	2	0	0	0	0	0	0	0	464	0	0	0	0	0	0	0	0	0	0	7	81	0	0	0	0	0	0
fsh-generated/resources/ValueSet-annen-allergi-som-kritisk-informasjon-7514.json	509	1	0	0	0	0	0	0	0	3	0	0	0	0	0	0	0	0	0	0	6	46	0	0	0	1	0	0
/fsh-generated/includes/fsh-link-references.md	618	-	-	-	0	0	0	0	0	0	0	0	0	0	0	0	0	0	0	0	0	1	0	0	0	0	0	0
/fsh-generated/includes/menu.xml	1089	-	-	-	0	0	0	0	0	0	0	0	0	0	0	0	0	0	0	0	0	0	0	0	0	0	0	0
/input/pagecontent/index.md	1204	-	-	-	0	0	0	0	0	0	0	0	0	0	0	0	0	0	0	0	0	0	0	0	0	0	0	0
/template/config	0	-	-	-	0	0	0	0	0	0	0	0	0	0	0	0	0	0	0	0	0	0	0	0	0	0	0	0
/template/config/_config.yml	140	-	-	-	0	0	0	0	0	0	0	0	0	0	0	0	0	0	0	0	0	0	0	0	0	0	0	0
/input/images	0	-	-	-	0	0	0	0	0	0	0	0	0	0	0	0	0	0	0	0	0	0	0	0	0	0	0	0
/input/images/test.drawio	2449	-	-	-	0	0	0	0	0	0	0	0	0	0	0	0	0	0	0	0	0	1	0	0	0	0	0	0
/input/images/test.svg	4039	-	-	-	0	0	0	0	0	0	0	0	0	0	0	0	0	0	0	0	0	0	0	0	0	0	0	0
/temp/pages/_includes/artifacts.xml	6115	-	-	-	-	-	-	-	-	-	-	-	-	-	-	-	-	-	-	-	-	0	0	0	0	0	0	0
